Weight(x2),Height(y2),Class,,Distance( For 57 - 170),Distance( For 65 - 185)
51,167,Underweight,,6.708203932,6.708203932
62,182,Normal,,13,4.242640687
69,176,Normal,,13.41640786,9.848857802
64,173,Normal,,7.615773106,12.04159458
65,172,Normal,,8.246211251,13
56,174,Underweight,,4.123105626,14.2126704
58,169,Normal,,1.414213562,17.4642492
57,173,Normal,,3,14.4222051
55,170,Normal,,2,18.02775638
57,170,,,,
65,185,,,,
